Cite,Environment,Citation,Year,Objective,Dataset,Algorithm used,Imp feaures,Preprocessing technique,Hyperparameters,Metrics used,Accuracy,General observation,Next steps,Accurate_model,model_accuracy,Facts
"Pakmehr, Amir, Andreas Aßmuth, Negar Taheri, and Ali Ghaffari. ""DDoS attack detection techniques in IoT networks: a survey."" Cluster Computing 27, no. 10 (2024): 14637-14668.",,"Pakmehr, Amir, Andreas Aßmuth, Negar Taheri, and Ali Ghaffari. ""DDoS attack detection techniques in IoT networks: a survey."" Cluster Computing 27, no. 10 (2024): 14637-14668.",2024,,NA,"SVM,K-means, PCA,KNN,Random Forest,Decision Tree",No specific features mentioned,NA,NA,NA,NA,Survey of machine learning algorithms and their advantage and disadvantage,Apply all the algo mentioned in the survey,No specific model,No specific accuracy,Studies show that DDoS attacks are more often targeted towards gaming applications and the telecommunications industry
An Efficient Real Time DDoS Detection Model Using Machine Learning Algorithms,,"Suvra, Debashis Kar. ""An Efficient Real Time DDoS Detection Model Using Machine Learning Algorithms."" arXiv preprint arXiv:2501.14311 (2025).",2025,To develope efficient DDoS detection system,CICDDoS2019,"Logistic Regression,KNN,Random Forest,SVM,Naive Bayes",No specific features mentioned,Feature selection using PCA,NA,"Precision, Recall, F1-Score, time complexity ",GB and XGBoost achieved high accuracies of 99.99% and 99.98%,"RF, AdaBoost and XGBoost outperform, ANN achieves the highest accuracy in DDoS detection",intergrating deep learning techniques and hybrid classifiers,Gradient Boosting,99.99,
Anomaly Detection in Network Traffic Using Advanced Machine Learning Techniques,,"Ness, Stephanie, Vishwanath Eswarakrishnan, Harish Sridharan, Varun Shinde, Naga Venkata Prasad Janapareddy, and Vineet Dhanawat. ""Anomaly Detection in Network Traffic using Advanced Machine Learning Techniques."" IEEE Access (2025).",2025,To compare the performance of different machine learning models (supervised and unsupervised) for network traffic anomaly detection.,KDDCup’99,"Isolation Forest,Naive Bayes,Light GBM,SVM,XG Boost",No specific features mentioned,"Normalize the dataset, SMOTE used to deal with class imbalance, The performance of anomaly detection was improved using feature extraction by PCA","Naïve Bayes: Smoothing parameter ( α ).
•XGBoost: Learning rate (η), maximum depth, and num-ber of estimators.
•LightGBM: Number of leaves, learning rate, and feature fraction.
•SVM: Kernel type (RBF), regularization parameter (C), and gamma.
•Isolation Forest: Number of estimators and contamina-tion",5-fold cross-validation used for evaluation,Na,SVM and XG Boost performed well. Combined models using  soft voting,,No specific model,No specific accuracy, 
Detection and Mitigation of DDoS Attacks in Network Traffic Using Machine Learning Techniques,,"Vishnukumar, M., P. Meganathan, and C. M. Shyamsunder. ""Detection and Mitigation of DDoS Attacks in Network Traffic Using Machine Learning Techniques."" In 2023 2nd International Conference on Advancements in Electrical, Electronics, Communication, Computing and Automation (ICAECA), pp. 1-6. IEEE, 2023.",2023,To develop a machine learning-based approach for detecting and mitigating Distributed Denial of Service (DDoS) attacks in network traffic,Dataset published by Bennett University.,"LSTM,SVM,Logistic Regression",No specific features mentioned,NA,NA,NA,NA,"LSTM, SVM, and Logistic Regression, are effective",,No specific model,No specific accuracy,
Denial-of-Service (DoS) Attack Detection Using Edge Machine Learning,,"Huynh, Ngoc Suong, Sebastian De La Cruz, and Alexander Perez-Pons. ""Denial-of Service (DoS) Attack Detection Using Edge Machine Learning."" In 2023 International Conference on Machine Learning and Applications (ICMLA), pp. 1741-1745. IEEE, 2023.",2024,To investigate the feasibility and effectiveness of using machine learning models deployed at the network edge for detecting Denial-of-Service (DoS) attacks,NA,,NA,NA,NA,NA,,,,,,
Advancing DDoS Attack Detection: A Synergistic Approach Using Deep Residual Neural Networks and Synthetic Oversampling,,"Alfatemi, Ali, Mohamed Rahouti, Ruhul Amin, Sarah ALJamal, Kaiqi Xiong, and Yufeng Xin. ""Advancing ddos attack detection: A synergistic approach using deep residual neural networks and synthetic oversampling."" arXiv preprint arXiv:2401.03116 (2024).",2024,To enhance DDoS attack detection by leveraging Deep Residual Neural Networks (ResNets) and synthetic oversampling techniques (SMOTE) to balance dataset representation and improve detection accuracy.,CICIDS dataset,"Deep Residual Neural Networks (ResNets),Synthetic Minority Oversampling Technique (SMOTE)",No specific features mentioned,"transformation of categorical data, and feature normalization and scaling.",NA,"Precision, recall, F1-score, ROC-AUC score",combination of Deep Residual Neural Networks (ResNets) and Synthetic Minority Oversampling Technique (SMOTE) achieved 99.98%,Model tried to deal with dataset imbalance and minimize false positive ,"Expansion of testing to diverse datasets for validation, data augmentation techniques.
",combination of Deep Residual Neural Networks (ResNets),99.98,
"Proactive DDoS detection: integrating packet marking, traffic analysis, and machine learning for enhanced network security",,"Pasupathi, Subbulakshmi, Raushan Kumar, and L. K. Pavithra. ""Proactive DDoS detection: integrating packet marking, traffic analysis, and machine learning for enhanced network security."" Cluster Computing 28, no. 3 (2025): 210.",2024,"The research aims to develop a proactive DDoS detection strategy by integrating innovative packet marking techniques, traffic analysis, and machine learning models.","CAIDA DDoS Attack Dataset 2007, TUIDS DDoS Dataset 2012.","Logistic Regression, Random Forest, Support Vector Machine (SVM), Naive Bayes, K-Nearest Neighbours (KNN), Decision Tree, and XGBoost","PKT_CLASS, PKT_TYPE, NODE_NAME_FROM, NODE_NAME_TO.","Elimination of irrelevant, redundant, and missing data","number of neighbors for KNN, depth of trees for Random Forest","Accuracy, precision, recall, F1 score, AUC.",KNN achieved 98.4%,The proposed strategy using packet marking and traffic analysis improves speed and accuracy of DDoS detection.,dynamic traffic analysis methods and real-world deployment for proactive DDoS defense.,,,
Redefining DDoS Attack Detection Using A Dual-Space Prototypical Network-Based Approach,,"Martinez, Fernando, Mariyam Mapkar, Ali Alfatemi, Mohamed Rahouti, Yufeng Xin, Kaiqi Xiong, and Nasir Ghani. ""Redefining DDoS Attack Detection Using A Dual-Space Prototypical Network-Based Approach."" arXiv preprint arXiv:2406.02632 (2024).",2024,To improve DDoS detection by using a dual-space prototypical network that leverages geometric and angular similarity measures.,"CICIDS dataset, featuring detailed network flow data with 83 unique attributes and 225,745 entries","Dual-Space Prototypical Network,Multilayer Perceptron (MLP) with Attention",No specific features mentioned,"data normalization, tokenization, and cleansing",s,"Accuracy, F1-score, precision, and recall.","dual-space prototypical network achieves high accuracy, ","model effectively reduces false positives, importance of considering dataset imbalances ","advanced representation learning techniques, proactive solutions for dynamic cybersecurity threats",No specific model,No specific accuracy,
A Comprehensive Analysis of Machine Learning- and Deep Learning-Based Solutions for DDoS Attack Detection in SDN,,"Aslam, Naziya, Shashank Srivastava, and M. M. Gore. ""A comprehensive analysis of machine learning-and deep learning-based solutions for DDoS attack detection in SDN."" Arabian Journal for Science and Engineering 49, no. 3 (2024): 3533-3573.",2023,To conduct a comprehensive analysis of ML and DL-based solutions for DDoS attack detection in SDN environments.,"NSL-KDD, CAIDA DDoS2007, ISCX2012, CICIDS2017, CSE-CIC-IDS2018, CIC DDoS 2019, SDNTrafficDS, Kaggle DDoS 2019, InSDN.","SVM, Naive Bayes, KNN, ANN, Decision Tree, Random Forest, Logistic Regression, XGBoost, LSTM, CNN, GRU, SAE.","Source IP, Destination IP, Source Port, Destination Port, Protocol Type, Flow Duration, Packet Count, Byte Count.","Elimination of redundant data, normalizing feature values, handling missing values.",No specific parameter,"Accuracy, Precision, Recall, F1 Score, False Positive Rate (FPR).",99.98% using KNN,Combining ML and DL techniques enhances DDoS attack detection accuracy and reduces false positives,"SDN-specific datasets, explore dynamic traffic analysis methods",,,
Identifying Distributed Denial of Service Attacks through Multi‑Model Deep Learning Fusion and Combinatorial Analysis,,"Alfatemi, Ali, Mohamed Rahouti, D. Frank Hsu, Christina Schweikert, Nasir Ghani, Aiman Solyman, and Mohammad I. Saryuddin Assaqty. ""Identifying Distributed Denial of Service Attacks through Multi-Model Deep Learning Fusion and Combinatorial Analysis."" Journal of Network and Systems Management 33, no. 1 (2025): 8.",2025,To improve DDoS attack detection by using a multi-model deep learning fusion and combinatorial analysis.,CIC-IDS2017,"CNN,GRU,MLP,ResNets,Combinatorial Fusion Analysis (CFA)","flow duration,Total forward packets,total backward packets","Handling missing data, label encoding, data splitting, feature scaling.",NA,"Accuracy, precision, recall, F1-score, ROC-AUC score.",ResNets showing 99.94% accuracy,Combining multiple deep learning models improves DDoS detection accuracy and robustness.,"additional input features, advanced deep learning architectures, and more advanced combinatorial fusion techniques.",combination of Deep Residual Neural Networks (ResNets),99.94,
"Distributed denial-of-service attack detection short review: issues, challenges, and recommendations",,"Habib, AKM Ahasan, Ahmed Imtiaz, Dhonita Tripura, Md Omar Faruk, Md Anwar Hossain, Iffat Ara, Sohag Sarker, and AFM Zainul Abadin. ""Distributed denial-of-service attack detection short review: issues, challenges, and recommendations."" Bulletin of Electrical Engineering and Informatics 14, no. 1 (2025): 438-446.",2025,To study and compare various approaches to detecting DDoS attacks and recommend solutions for high-speed networks (HSN).,"NSL-KDD, CAIDA DDoS2007, CIC-IDS2017 and more other resources","SVM,Decision Tree,Naive Bayes,KNN,LTSM.",No specific features mentioned,"Handling of missing values, normalization, and data transformation.",NA,"Accuracy, Precision, Recall, F1 Score.",Provided detailed descriptio of DDoS,"DDoS attacks might be volume-based, protocol-based, or application-layer attacks",NA,No specific model,No specific accuracy,
Exploring LDoS Attack Detection in SDNs using Machine Learning Techniques,,"Salih, Ali Osman Mohammed. ""Exploring LDoS Attack Detection in SDNs using Machine Learning Techniques."" Engineering, Technology & Applied Science Research 15, no. 1 (2025): 19568-19574.",2025,o investigate the application of machine learning algorithms for detecting Low-Rate Denial-of-Service (LDoS) attacks within Software-Defined Networks (SDNs).,Network traffic data from Mininet simulations.,"Logistic Regression,KNN,BIRCH clustering,Neural Networks",No specific features mentioned,"Number of TCP packets, standard deviation of UDP packets, TCP/UDP ratio.",k value for KNN,"Accuracy, Precision, Recall, F1 Score, False Positive Rate (FPR), False Negative Rate (FNR)",Logistic Regression and BIRCH achieved high detection accuracy of 99.96%,LR and BIRCH algorithms demonstrated fast detection times (0.03 seconds) and high accuracy,Validate findings in real-world environments,Logistic Regression,99.96,
A Comparative Analysis of Support Vector Machine and K-Nearest Neighbors Models for Network Attack Traffic Detection,,"Han, Zhuoxi. ""A Comparative Analysis of Support Vector Machine and K-Nearest Neighbors Models for Network Attack Traffic Detection."" In ITM Web of Conferences, vol. 70, p. 01018. EDP Sciences, 2025.",2025,To improve network attack traffic detection by comparing Support Vector Machine (SVM) and K-Nearest Neighbors (KNN) models.,UNSW-NB15 dataset,"Support Vector Machine (SVM) and K-Nearest Neighbors (KNN).
",NA,"Handling missing values, data transformation, feature extraction.","number of neighbors for KNN, kernel type for SVM","Accuracy, Precision, Recall, F1 Score, ROC, AUC.","The AUC metric of SVM (0.73) is significantly greater than that of KNN (0.66), indicating superior classification performance by SVM","SVM performs better with high-dimensional and complex datasets, while KNN is more effective with simpler data structures.","eal-time detection capabilities, balance false positive and false negative rates",,,
Advanced Deep Learning Techniques for Anomaly Detection in Cloud Computing Traffic: Methods and Applications,,"Thiagarajan, Gokul, and Sivakumar Mahalingam. ""Advanced Deep Learning Techniques for Anomaly Detection in Cloud Computing Traffic: Methods and Applications."" Available at SSRN 5082090 (2025).",2025,"To improve anomaly detection in cloud computing traffic using advanced deep learning techniques, specifically an Enhanced Convolutional Neural Network (ECNN) model.",UNSW-NB15 dataset,"Enhanced Convolutional Neural Network (ECNN), K-Means++ clustering, deep auto-encoder, Genetic Algorithm for hyperparameter optimization.",Not specific,"Initial clustering with K-Means++, dimensionality reduction using deep auto-encoder, standardization of features.","Optimized using a Genetic Algorithm, including learning rate, batch size, number of layers, number of filters, and dropout rate.","F1-score, recall, accuracy, precision.",The ECNN model achieved an accuracy of 99.85%,effectively addresses the challenges of class imbalance and computational efficiency,NA,,,
Enhancing Multi-Class DDoS Attack Classification using Machine Learning Techniques,,"Abood, Mohammad Jawad Kadhim, and Ghassan Hameed Abdul-Majeed. ""Enhancing Multi-Class DDoS Attack Classification using Machine Learning Techniques."" Journal of Advanced Research in Applied Sciences and Engineering Technology 43, no. 2 (2025): 75-92.",2025,To enhance the classification of multi-class DDoS attacks using machine learning techniques.,CICDDoS2019 dataset.,"Multilayer Perceptron, Reduced Error Pruning (REP) Tree, Partial Decision Tree (PART), RandomForest, J48.","Source Port, Destination Port, Flow Bytes/s, Flow Packets/s, Packet Length Mean, Packet Length Std, Average Packet Size, Protocol, and more.",feature selection using wrapper and information gain methods.,"parameters for J48, number of hidden layers for Multilayer Perceptron","Accuracy, Precision, Recall, Training Time.",J48 achieved an overall accuracy of 99.97%.,J48 was the most efficient classifier with a high accuracy of 99.97% and low training time,evaluation and optimization of the J48 model in real-world scenarios,,,
Adaptive Cyber-Attack Detection in IIoT Using Attention-Based LSTM-CNN Models,,"Gueriani, Afrah, Hamza Kheddar, and Ahmed Cherif Mazari. ""Adaptive Cyber-Attack Detection in IIoT Using Attention-Based LSTM-CNN Models."" arXiv preprint arXiv:2501.13962 (2025).",2024,To develop and evaluate an advanced Intrusion Detection System (IDS) using a hybrid LSTM-CNN-Attention architecture for detecting and classifying cyberattacks in IIoT environments.,Edge-IIoTset dataset.,"Long Short-Term Memory (LSTM), Convolution Neural Network (CNN), and Attention mechanism.",NA,"Data numerization, data splitting, SMOTE to address class imbalance, feature matrix flattening and reshaping.","ilters for Conv1D layers, kernel weights, activation functions, dropout rates, number of LSTM layers.","Accuracy, Precision, Recall, F1-Score, False Positive Rate (FPR).",Achieved near-perfect accuracy in binary classification and 99.04% in multi-class classification.,attention mechanism further improves the model's performance.,"incorporate transfer learning, and explore optimizations like lightweight architectures and federated learning for privacy-preserving.",,,
Comparison of mitigating DDoS attacks in software defined networking and IoT platforms,,"Narayanan, Sivanesan, N. Parthiban, S. Vijay, and S. N. Sheela. ""Comparison of Mitigating DDoS Attacks in Software Defined Networks and Iot Platforms."" Available at SSRN 4884311.",2025,To compare the effectiveness of different machine learning models for mitigating DDoS attacks in SDN and IoT platforms.,"Various sources including WSN-DS, Kaggle DDoS datasets","Enhanced Firefly Algorithm with Convolutional Neural Network (EFACNN),Artificial Neural Network (ANN),Extra Trees Classifier (ETC)","Packet size,source IP,destination IP,flow duration, protocol type","Data cleaning, standardization, feature extraction, handling missing values.",Specific to each model,"Accuracy, precision, recall, F1-score.","EFACNN achieved 98%, ANN with sequence pattern model achieved 96.75%, Hyperparameter tuning with ETC achieved 98.81%.",Hyperparameter tuning significantly improves the performance of ML models,"integration with additional ML and DL methods, development of lightweight models for constrained environments.",Hyperparameter tuning with ETC (Extra Trees Classifier),98.81,
Anomaly Detection of Distributed Denial of Service (DDoS) in IoT Network Using Machine Learning,,"Mohammed, Baydaa Hashim, Hasimi Sallehudin, Nurhizam Safie Mohd Satar, Hamed Dhary Murhg, Shaymaa Abdelghany Mohamed, Fadele Ayotunde Alaba, Alvaro Rocha, and Isaias Bianchi. ""Anomaly detection of distributed denial of service (DDoS) in IoT network using machine learning."" In Digital Technologies and Transformation in Business, Industry and Organizations: Volume 3, pp. 41-64. Cham: Springer Nature Switzerland, 2025.",2023,To develop an anomaly detection system using machine learning to mitigate DDoS attacks in IoT networks.,"Diverse dataset from IoT environments, including various IoT device types, communication protocols, and network configurations.","SVM,Random Forest,KNN","Communication patterns,data payloads,source-destination pairs, device metadata,sensor data.","Data cleaning, removal of null values, standardization, label encoding, feature ranking using k-means clustering.",NA,"Accuracy, Precision, Recall, F1 Score, Confusion Matrix.","SVM achieved 99.85%, RF 96.80%, and KNN 98.90%.",NA,"to combine multiple machine learning models, use deep learning approaches, develop real-time threat response systems",SVM,99.85,
"Deep learning approaches for detecting DDoS attacks: a systematic
review",,"Mittal, Meenakshi, Krishan Kumar, and Sunny Behal. ""Deep learning approaches for detecting DDoS attacks: A systematic review."" Soft computing 27, no. 18 (2023): 13039-13075.",2022,To systematically review deep learning approaches for detecting DDoS attacks.,"Various datasets including KDDCUP99, NSL-KDD, CICIDS2017, CICDDoS2019, ISCX2012, CSE-CIC-IDS2018, and UNSWNB15.","Deep Neural Networks (DNN),CNN,LSTM,Gated Recurrent Unit (GRU),Autoencoders (AE),Hybrid models,Transfer Learning models","Packet size, flow duration,number of packets, bytes per second, source IP, destination IP, protocol type","Min-max normalization, z-score normalization, one-hot encoding, feature selection using Principal Component Analysis (PCA) and k-means clustering, data standardization.","Learning rate, batch size, number of epochs, activation functions (ReLU, Sigmoid, Softmax), number of layers, number of neurons per layer, optimizer (Adam, SGD).","Accuracy, precision, recall, F1-score, Area Under Curve (AUC), False Positive Rate (FPR), False Negative Rate (FNR), specificity.","Various studies reported accuracies ranging from 95% to 99.99%, with hybrid models, CNN showing the highest performance.","Deep learning methods, particularly hybrid models and CNN, provide high accuracy in detecting DDoS attacks.",Focus on real-time implementation,No specific model,No specific accuracy,
Performance evaluation of Botnet DDoS attack detection using machine learning,,"Tuan, Tong Anh, Hoang Viet Long, Le Hoang Son, Raghvendra Kumar, Ishaani Priyadarshini, and Nguyen Thi Kim Son. ""Performance evaluation of Botnet DDoS attack detection using machine learning."" Evolutionary Intelligence 13, no. 2 (2020): 283-294.",2019,To perform an experimental analysis of various machine learning methods for detecting Botnet DDoS attacks.,UNBS-NB 15 and KDD99 datasets.,"SVM,Artificial Neural Network (ANN),Naive Bayes,Decision Tree,Unsupervised Learning (USML)","Client to server transactions,server to client transactions,average packet size,rate,duration","Data cleaning, feature selection using methods like Information Gain (IG) and Chi-square.",NA,"Accuracy, False Alarm Rate (FAR), Sensitivity, Specificity, False Positive Rate (FPR), AUC, Matthews correlation coefficient (MCC).",USML achieved the highest accuracy at 94.78% for UNBS-NB 15 dataset and 98.08% for KDD99 dataset.,USML showed the best performance in distinguishing between Botnet and normal network traffic with high accuracy and low false alarm rates.,"Validate performance with additional datasets, explore other machine learning algorithms based on neutrosophic theory.",Unsupervised learning algorithm,98.08,
A Comprehensive Survey: Evaluating the Efficiency of Artificial Intelligence and Machine Learning Techniques on Cyber Security Solutions,,"Ozkan-Okay, Merve, Erdal Akin, Ömer Aslan, Selahattin Kosunalp, Teodor Iliev, Ivaylo Stoyanov, and Ivan Beloev. ""A comprehensive survey: Evaluating the efficiency of artificial intelligence and machine learning techniques on cyber security solutions."" IEEe Access 12 (2024): 12229-12256.",2024,"To provide an overview of how ML, DL, and RL are applied in cybersecurity, including their usage in malware detection, intrusion detection, vulnerability assessment, and other areas, while discussing their challenges and limitations.","CAIDA DDoS2007, NSL-KDD, CICIDS2017, CICDDoS2019, ISCX2012, CSE-CIC-IDS2018, UNSWNB15.","Machine Learning (ML),Deep Learning (DL),Reinforcement Learning (RL)","Packet size,flow duration,source IP,destination IP,protocol type,number of packets,bytes per second,data payloads,source-destination pairs,device metadata,sensor data","Data cleaning, normalization, transformation, feature extraction, dimensionality reduction, handling missing values.",Specific to each model,"Accuracy, precision, recall, F1-score, AUC, False Positive Rate (FPR), False Negative Rate (FNR), specificity, ROC.","95% to 99.99%, with hybrid models and CNN showing the highest performance.","ML, DL, and RL techniques, particularly hybrid models and CNN, provide high accuracy","Focus on real-time implementation,",CNN,97.49,
Security Analysis of DDoS Attacks Using Machine Learning Algorithms in Networks Traffic,,"Alzahrani, Rami J., and Ahmed Alzahrani. ""Security analysis of ddos attacks using machine learning algorithms in networks traffic."" Electronics 10, no. 23 (2021): 2919.",2021,: To analyze the detection performance of various machine learning algorithms for DDoS attacks using the CICDDoS2019 dataset.,CICDDoS2019 dataset.,"KNN,SVM,Naive Bayes,Decision Tree,Random Forest,Logistic Regression","Fwd Packet Length Max,Min Packet Length,Average Packet Size,Fwd Packets/s,Protocol,Packet Length Std,Flow Duration, ACK Flag Count","Data cleaning, standardization, feature selection using Random Forest Regressor (RFR).",Specific to each algorithm,"Accuracy, Precision, Recall, F1-score, Computation Time.",Decision Tree and Random Forest achieved the highest accuracy of 99%.,"DT and RF algorithms performed best in terms of accuracy, precision, recall, and F-measure, with DT being faster in computation time (4.53 seconds for DT vs. 84.2 seconds for RF).","addressing the challenges of IoT network security, exploring real-time packet analysis",Random Forest,99,
Detection of reduction-of-quality DDoS attacks using Fuzzy Logic and machine learning algorithms,,"de Miranda Rios, Vinícius, Pedro RM Inácio, Damien Magoni, and Mário M. Freire. ""Detection of reduction-of-quality DDoS attacks using Fuzzy Logic and machine learning algorithms."" Computer Networks 186 (2021): 107792.",2021,"To evaluate and compare the detection of Reduction-of-Quality (RoQ) DDoS attacks using Fuzzy Logic, Multi-Layer Perceptron (MLP) neural network, K-Nearest Neighbors (K-NN), Support Vector Machine (SVM), and Multinomial Naive Bayes (MNB).","Emulated traffic trace (194.8MB) and real traffic trace (11.3GB) created using netkit, M-RoQ attack software, and curl-loader.","Multi-Layer Perceptron (MLP),KNN,SVM,Multinomial Naive Bayes (MNB),Fuzzy Logic (FL) combined with Euclidean Distance (ED)","Number of packets,entropy,inter-arrival time of packets","Data cleaning, standardization, feature selection based on heuristic manual selection.",Specific to each model,"Precision, Recall, F1-score, Confusion Matrix","MLP achieved a F1-score of 98.04% for attack traffic and 99.30% for legitimate traffic with emulated data. Using the FL, MLP, and ED combined approach, F1-scores reached 98.80% for attack traffic and 99.60% for legitimate traffic with emulated data, and 100% for both traffic types with real data.","The combined approach of FL, MLP, and ED outperforms individual machine learning algorithms but at the cost of larger execution time.","optimize the implementation of the combined approach, and validate performance with additional datasets.",MLP combined with Fuzzy Logic (FL) with Euclidean Distance (ED),99.3,
Machine Learning for DDoS Attack Detection in Industry 4.0 CPPSs,,"Saghezchi, Firooz B., Georgios Mantas, Manuel A. Violas, A. Manuel de Oliveira Duarte, and Jonathan Rodriguez. ""Machine learning for DDoS attack detection in industry 4.0 CPPSs."" Electronics 11, no. 4 (2022): 602.",2022,To use machine learning (ML) approaches for detecting DDoS attacks in Industry 4.0 Cyber-Physical Production Systems (CPPSs).,Network traffic data captured from a real-world semiconductor production factory and DDoS attack data from DDoSDB database.,"Decision Tree,KNN,Random Forest,Logistic Regression,Naive Bayes,Bayesian Network (BN),SVM,One Rule (OneR),K-Means,Expectation-Maximization (EM),Univariate Gaussian algorithm","packet length,flow duration,inter-arrival time of packets,transport protocol,total packets transmitted,flow session duration","Feature selection using Principal Component Analysis (PCA) to reduce data dimensionality, and data normalization.",Specific to each model,"Accuracy, Precision, Recall, F1-score, False Positive Rate (FPR), True Positive Rate (TPR).",Decision Tree model achieved an accuracy of 0.999 with a False Positive Rate of 0.001.,"Supervised algorithms outperform unsupervised and semi-supervised ones in terms of detection performance, with Decision Tree, KNN, and Random Forest showing the best results.",Explore combination of applied ML algorithms,Decision Tree,99.9,
Detection of DDoS Attack using Machine Learning Algorithms,,"M NALAYINI, C., and Jeevaa Katiravan. ""Detection of DDoS Attack Using Machine Learning Algorithms."" Available at SSRN 4173187 9, no. 7 (2022).",2022,"To detect Distributed Denial of Service (DDoS) attacks using supervised machine learning algorithms and find the best model in terms of accuracy, precision, recall, and false alarm rate.",CIC-IDS2017,"Logistic Regression,Random Forest,Support Vector Machine (SVM) with three kernel functions (Sigmoid,Polynomial RBF,Decision Tree,Gaussian Naive Bayes,KNN","Source IP,Destination IP,source and destination ports,timestamp,protocols","Data cleaning using functions from pandas library, K-Fold Cross Validation.",Specific to each model,"Accuracy, Precision, Recall, False Alarm Rate (FAR).","Random Forest produced 99.88% accuracy, 99.88% precision, 100% recall, and 0.05% FAR.","Random Forest was found to be the best model with high accuracy, precision, and recall, and very low FAR.",optimizing feature selection and generating own dataset for validation.,Random Forest,99.88,
DDOS Attack Identification using Machine Learning Techniques,,"Peneti, Subhashini, and E. Hemalatha. ""DDOS attack identification using machine learning techniques."" In 2021 International conference on computer communication and informatics (ICCCI), pp. 1-5. IEEE, 2021.",2021,To develop a smart detection system using machine learning techniques to detect and prevent Denial of Service (DoS) attacks.,CICIDS2017,"Random Forest,AdaBoost,XGBoost,Multi-Layer Perceptron (MLP)","Destination Port,Bwd Packet Length Mean,Bwd Packet Length Std,Bwd Packets/s,Packet Length Mean,Max Packet Length,Avg Bwd Segment Size,Init_Win_bytes_forward","Data cleaning to remove unreal values, feature reduction using Recursive Feature Elimination (RFE)",Specific to each model,"Accuracy, Precision, Recall, F1 Score, Sensitivity.",Random Forest gives great performance and accuracy.,proposed system with machine learning techniques significantly improves,proposed system with machine learning techniques significantly improves,Random Forest,No specific accuracy,
Detection of Different DDoS Attacks Using Machine Learning Classification Algorithms,,"Dasari, Kishore Babu, and Nagaraju Devarakonda. ""Detection of Different DDoS Attacks Using Machine Learning Classification Algorithms."" Ingénierie des Systèmes d Inf. 26, no. 5 (2021): 461-468.",2021,Detection of Different DDoS Attacks Using Machine Learning Classification Algorithms,CICDDoS2019,"Logistic Regression,Decision Tree,Random Forest,AdaBoost,KNN,Naive Bayes","Packet size,flow duration,number of packets,source IP,destination IP,protocol type","Data cleaning, removal of irrelevant features, handling of missing values, encoding of labels, data standardization using StandardScaler.","number of neighbors for KNN, parameters for Logistic Regression, Decision Tree depth","Accuracy, Precision, Recall, F1 Score, Specificity, ROC-AUC Score.","The best accuracies achieved were: Logistic Regression (99.98%), AdaBoost (99.98%), KNN (99.98%), Naive Bayes (99.98%).",,"Logistic Regression, AdaBoost, KNN, and Naive Bayes showed high performance in detecting various DDoS attacks, while Decision Tree and Random Forest had comparatively lower performance.",Logistic Regression,99.98,
Evaluating Machine Learning Algorithms to detect and classify DDoS attacks in IoT,,"Chopra, Amardeep, Sunny Behal, and Vishal Sharma. ""Evaluating machine learning algorithms to detect and classify DDoS attacks in IoT."" In 2021 8th International Conference on Computing for Sustainable Global Development (INDIACom), pp. 517-521. IEEE, 2021.",2021,To perform a comparative analysis of machine learning algorithms for detecting and classifying DDoS attacks in IoT environments.,BoT-IoT dataset,"Naive Bayes,J48,Random Forest,ZeroR",No specific features mentioned,Data preprocessing using PCA for feature selection to reduce workload on classifiers,Specific to each algorithm,"Accuracy, Precision, Recall, F1 Score",Random Forest achieved the highest accuracy of 99.99%,"Random Forest, are effective in detecting and classifying DDoS attacks in IoT environments.",Implement intrusion detection techniques in IoT devices,Random Forest,99.99,
A Machine Learning-Based Classification and Prediction Technique for DDoS Attack,,"Mohmand, Muhammad Ismail, Hameed Hussain, Ayaz Ali Khan, Ubaid Ullah, Muhammad Zakarya, Aftab Ahmed, Mushtaq Raza, Izaz Ur Rahman, and Muhammad Haleem. ""A machine learning-based classification and prediction technique for DDoS attacks."" IEEE Access 10 (2022): 21443-21454.",2022,To classify and predict DDoS attacks using machine learning techniques.,UNSW-NB15 dataset.,"Random Forest,XGBoost.","Source IP, destination IP, source port, destination port, protocol type, flow duration, packet count.","Data cleaning, feature scaling, data normalization, label encoding, data splitting (training and testing sets).",Specific to each model,"Accuracy, Precision, Recall, F1-score, Confusion Matrix.",Random Forest achieved ~89% accuracy; XGBoost achieved ~90% accuracy.,Both Random Forest and XGBoost show high accuracy and performance in classifying DDoS attacks. XGBoost performed slightly better than Random Forest.,"Explore unsupervised learning techniques, improve model efficiency, and validate findings with real-world data.",XGBoost,90,
Clustering based semi-supervised machine learning for DDoS attack classification,,"Aamir, Muhammad, and Syed Mustafa Ali Zaidi. ""Clustering based semi-supervised machine learning for DDoS attack classification."" Journal of King Saud University-Computer and Information Sciences 33, no. 4 (2021): 436-446.",2021,To classify DDoS attacks using a semi-supervised machine learning approach with clustering and voting methods.,Network traffic generated in OPNET Modeler 14.5 simulator.,"Agglomerative Clustering (AC),K-means clustering with Principal Component Analysis (PCA),KNN,SVM,Random Forest","Traffic rate, processing delay, CPU utilization","Normalization using min-max normalization, feature extraction using PCA.","Optimized using Elbow method for kNN, GridSearchCV for SVM and RF.","Accuracy, Precision, Recall, F1-score, Area Under Curve (AUC).","kNN achieved 95%, SVM 92%, RF 96.66% after parameter tuning.",The proposed semi-supervised approach effectively reduces false positives by using multiple clustering algorithms and a voting method.,"Improve voting methods, explore more machine learning algorithms",Random Forest after parameter Tuning,95,
Feature Selection Approach to Detect DDoS Attack Using Machine Learning Algorithms,,"Azmi, Muhammad Aqil Haqeemi, Cik Feresa Mohd Foozy, Khairul Amin Mohamad Sukri, Nurul Azma Abdullah, Isredza Rahmi A. Hamid, and Hidra Amnur. ""Feature Selection Approach to Detect DDoS Attack Using Machine Learning Algorithms."" JOIV: International Journal on Informatics Visualization 5, no. 4 (2021): 395-401.",2021,To detect DDoS attacks by using feature selection techniques combined with machine learning algorithms.,UNSW-NB15,"Artificial Neural Network (ANN),Naive Bayes,Decision Table",No specific features mentioned,"Data cleaning, feature ranking, and selection of the top 10 features.",Specific to each classifier.,"Accuracy, Precision, True Positive Rate (TPR), False Positive Rate (FPR).","Decision Table achieved 88.43% accuracy, Naïve Bayes 87.74%, and ANN 84.66%.","Decision Table and Naïve Bayes classifiers performed the best, demonstrating that Decision Table is effective in detecting DDoS attacks.","Evaluate the approach on additional datasets,",Decision Table,88.43,
Detecting Denial of Service attacks using machine learning algorithms,,"Kumari, Kimmi, and M. Mrunalini. ""Detecting Denial of Service attacks using machine learning algorithms."" Journal of Big Data 9, no. 1 (2022): 56.",2022,To develop a mathematical model and use machine learning algorithms (Logistic Regression and Naive Bayes) to detect Distributed Denial of Service (DDoS) attacks using the CAIDA 2007 Dataset.,CAIDA 2007 Dataset,"Logistic Regression,Naive Bayes","Throughput,inter-arrival time of packets","Handling the dataset, analyzing throughput and inter-arrival time, data cleaning.",Specific to each classifier.,"Accuracy, Miss Rate, True Positive Rate, False Negative Rate, Mean Absolute Error (MAE)","Logistic Regression achieved better results with accuracy ranging from 99% to 100%, while Naive Bayes achieved accuracy from 99% to 98%.",The study found that Logistic Regression outperformed Naive Bayes in terms of accuracy and Mean Absolute Error.,"Validate with live attacks, evaluate with additional datasets, and explore the use of the model for memory management and firewalls.",Logistic Regression,99.98,
Detection and Investigation of DDoS Attacks in Network Traffic using Machine Learning Algorithms,,"Mondal, Biswajit, Chandan Koner, Monalisa Chakraborty, and Subir Gupta. ""Detection and investigation of DDoS attacks in network traffic using machine learning algorithms."" Int. J. Innov. Technol. Explor. Eng 11, no. 6 (2022): 1-6.",2022,o investigate the detection performance of DDoS attacks using various machine learning algorithms with the NSL KDD dataset.,NSL KDD,"Logistic Regression,Naive Bayes,SVM,KNN,Decision Tree,Random Forest","number of packets,entropy,inter-arrival time of packets","Data cleaning, feature selection using Information Gain",Specific to each model,"Accuracy, Precision, Recall, F1 Score, Training Time.",K-Nearest Neighbors (KNN) achieved 98% accuracy.,"KNN, DT, and RF algorithms performed exceedingly well in the critical performance matrix (F1 Score)",Explore reinforcement learning for DDoS attack detection and validate findings with larger datasets.,KNN,98,
Machine Learning Algorithms for Predicting and Mitigating DDoS Attacks,,"Naseer, Iqra. ""Machine Learning Algorithms for Predicting and Mitigating DDoS Attacks."" (2024).",2024,To explore the application of machine learning algorithms for predicting and mitigating Distributed Denial of Service (DDoS) attacks.,Various datasets including historical attack data.,"SVM,Random Forests,Neural Networks,K-means clustering,Isolation Forests","Traffic volume,packet size distribution,frequency of specific network requests,network traffic patterns","Data cleaning, feature selection techniques, data standardization.","kernel type for SVM, number of trees for Random Forest","Accuracy, Precision, Recall, F1-score.","L algorithms enhance detection accuracy and response capabilities for DDoS attacks, though challenges remain due to the dynamic nature of network traffic and evolving attack strategies.",NA,"Focus on improving algorithm efficiency, scalability, and resilience against evolving attack strategies.",No specific model,No specific accuracy,
"Effective and Efficient DDoS Attack Detection Using Deep Learning Algorithm, Multi-Layer Perceptron",,"Ahmed, Sheeraz, Zahoor Ali Khan, Syed Muhammad Mohsin, Shahid Latif, Sheraz Aslam, Hana Mujlid, Muhammad Adil, and Zeeshan Najam. ""Effective and efficient DDoS attack detection using deep learning algorithm, multi-layer perceptron."" Future Internet 15, no. 2 (2023): 76.",2023,To develop an effective and efficient detection system for DDoS attacks using the Multi-Layer Perceptron (MLP) deep learning algorithm.,"CTU-13 dataset, real weblogs from the authors' organization, and datasets created from DDoS attack tools such as Slow Loris, Hulk, Golden Eye, and Xerex.","Multi-Layer Perceptron (MLP),Naive Bayes,Decision Stump,Logistic Model Tree,Naïve Bayes Updateable,Naïve Bayes Multinomial Text,AdaBoostM1,Attribute Selected Classifier,Iterative Classifier,OneR","Size of HTTP frame packets, number of IP addresses sent, constant mappings of ports, number of IP addresses using proxy IP","Data cleaning, feature extraction, and standardization.","Specific to each model, with optimization techniques applied.","Accuracy, Precision, True Positive Rate (TPR), False Positive Rate (FPR).",The proposed MLP algorithm achieved an efficiency of 98.99% with a false positive rate of 2.11%.,The MLP classification algorithm outperformed conventional classifiers in detecting DDoS attacks with high accuracy and low false positive rates.,"Extend the research to improve detection accuracy, differentiate between DDoS attacks and flash events, and implement the proposed methodology in real-time cyberattack detection systems.",MLP,98.99,
Detection of DDoS attacks in D2D Communications Using Machine Learning Approach,,"Rani, SV Jansi, Iacovos Ioannou, Prabagarane Nagaradjane, Christophoros Christophorou, Vasos Vassiliou, Sai Charan, Sai Prakash, Niel Parekh, and Andreas Pitsillides. ""Detection of DDoS attacks in D2D communications using machine learning approach."" Computer Communications 198 (2023): 32-51.",2023,"To identify and prevent DDoS and DoS attacks (i.e., SYN, Slowloris) in a D2D communication environment using machine learning models.","Slowloris dataset generated from emulated D2D network, CICDDoS2019 dataset.","Random Forest,Light GBM,XGBoost,AdaBoost","Forward initial window bytes, ACK flag count, flow duration, forward segment size minimum, idle max.","Data cleaning, feature extraction using CICFlowmeter, synthetic minority over-sampling technique (SMOTE) for handling class imbalance.","Learning rate, max depth, number of estimators, regularization parameters.","Accuracy, Precision, Recall, F1 Score, Area Under Curve (AUC).",Random Forest achieved the highest accuracy of 99.8%.,"Random Forest showed superior performance in terms of accuracy, precision, recall, and F1 score for detecting SYN and Slowloris DDoS attacks.","Validate the approach in real-world scenarios, explore additional DDoS attack types",Random Forest,99.8,
Machine Learning Approaches for Combating Distributed Denial of Service Attacks in Modern Networking Environments,,"Aljuhani, Ahamed. ""Machine learning approaches for combating distributed denial of service attacks in modern networking environments."" IEEE Access 9 (2021): 42236-42264.",2021,To analyze recent studies concerning DDoS detection methods that have adapted single and hybrid ML approaches in modern networking environments.,"Various datasets including DARPA, CAIDA, CICIDS, CSE-CIC-IDS2018, and more","SVM,Random Forest,KNN,LSTM,CNN,Deep Reinforcement Learning","Source and destination IP,protocol,flow duration, packet size, byte rate, and other network traffic features.","Data cleaning, normalization, feature extraction using Principal Component Analysis (PCA), and feature selection methods.","learning rate, number of layers, number of trees)","Accuracy, Precision, Recall, F1-score, False Positive Rate (FPR), Area Under Curve (AUC).","Machine learning techniques, particularly hybrid models, provide high accuracy in detecting DDoS attacks","Preprocessing, dataset selection, and hyperparameter tuning significantly impact model performance.","Focus on real-time implementation, dynamic updating of models, addressing dataset imbalance, and validating models in real-world scenarios.",No specific model,No specific accuracy,
Machine-Learning-Based DDoS Attack Detection Using Mutual Information and Random Forest Feature Importance Method,,"Alduailij, Mona, Qazi Waqas Khan, Muhammad Tahir, Muhammad Sardaraz, Mai Alduailij, and Fazila Malik. ""Machine-learning-based DDoS attack detection using mutual information and random forest feature importance method."" Symmetry 14, no. 6 (2022): 1095.",2022,"To reduce misclassification errors in DDoS attack detection by selecting the most relevant features using Mutual Information (MI) and Random Forest Feature Importance (RFFI) methods, and applying various machine learning algorithms",CICIDS2017 and CICDDoS2019 datasets.,"Random Forest,Gradient Boosting (GB),Weighted Voting Ensemble (WVE),KNN,Logistic Regression",No specific features mentioned,"Data cleaning, label encoding, feature selection using MI and RFFI methods.",Optimized using Grid Search (GS) for each model.,"Accuracy, Precision, Recall, F1-score.",RF achieved the highest accuracy of 99.997% with 19 features selected using the RFFI method.,"The RF model performed the best in DDoS attack detection, with a low misclassification rate.","wrapper feature selection methods, such as sequential feature selection, with neural networks for DDoS and other attack detection.",Random Forest with feature selection,99.99,
A new DDoS attacks intrusion detection model based on deep learning for cybersecurity,,"Akgun, Devrim, Selman Hizal, and Unal Cavusoglu. ""A new DDoS attacks intrusion detection model based on deep learning for cybersecurity."" Computers & Security 118 (2022): 102748.",2022,To develop a new DDoS attacks intrusion detection model using deep learning to enhance cybersecurity.,CIC-DDoS2019 dataset.,"Deep Neural Networks (DNN),CNN,LSTM","Packet length,flow duration,number of packets,bytes per second, source IP,destination IP,protocol type","Data cleaning, feature elimination, random subset selection, feature selection, duplication removal, normalization.","Learning rate, batch size, number of epochs, number of layers, kernel size for CNN, stride size for CNN.","Accuracy, True Positive Rate (TPR), False Positive Rate (FPR), Precision, F1 Score, Inference Time.",Achieved 99.99% accuracy for binary classification and 99.30% accuracy for multi-class classification using the CNN-based model.,"he proposed CNN-based model outperformed baseline models and provided promising results for both accuracy and inference time, making it suitable for real-time DDoS detection.","evaluation in real-world scenarios, implementation in real-time packet processing, and exploration of additional features and optimization techniques.",CNN,99.99,
Anomaly Detection in Network Traffic Using Advanced Machine Learning Techniques,No Specific,"Ness, Stephanie, Vishwanath Eswarakrishnan, Harish Sridharan, Varun Shinde, Naga Venkata Prasad Janapareddy, and Vineet Dhanawat. ""Anomaly Detection in Network Traffic using Advanced Machine Learning Techniques."" IEEE Access (2025).",2025,"Compare the performance of different machine learning models (supervised and unsupervised) for network traffic anomaly detection, assess the suitability of these models for real-world applications where computational resources may be limited, investigate the effectiveness of each model in terms of accuracy, precision, recall, and other relevant metrics, while dealing with issues like class imbalance",KDDCup99,"Isolation Forest, Naive Bayes, XGBoost, LightGBM, and Support Vector Machine (SVM)",Principal Component Analysis (PCA),"Feature Selection,Balancing,Standardization,Cleaning",,"Accuracy, Precision, Recall, F1-Score","Isolation Forest: Train accuracy 0.50, Test accuracy 0.40, Naive Bayes: Train accuracy 0.89, Test accuracy 0.81, XGBoost: Train accuracy 0.99, Test accuracy 0.83, LightGBM: Train accuracy 1.0, Test accuracy 0.85, SVM: Train accuracy 0.99, Test accuracy 0.85, Random Forest: Test accuracy 0.82, Logistic Regression: Test accuracy 0.75","LightGBM, SVM, and XGBoost showed excellent performance and adaptability, Naive Bayes provided consistent and reliable performance, especially with high-dimensional data, Isolation Forest, despite lower accuracy, provided useful insights for data preprocessing, Logistic Regression was less effective in capturing complex patterns in network traffic data","Integrate deep learning techniques and hybrid classifiers to enhance model performance, expand the scope of datasets to reflect more contemporary attack scenarios, apply models to real-time traffic data to further validate their effectiveness",LightGBM,85,"Utilized KDDCup99 dataset, which is highly used in network anomaly detection research, applied PCA for feature selection, which reduced dimensionality and improved computational efficiency, highlighted the importance of model selection and hyperparameter tuning for optimal performance, demonstrated the necessity of balancing classes to prevent bias towards majority classes"
Deep learning-driven defense strategies for mitigating DDoS attacks in cloud computing environments,Cloud,"Afraji, Doaa Mohsin Abd Ali, Jaime Lloret, and Lourdes Peñalver. ""Deep Learning-Driven Defense Strategies for Mitigating DDoS Attacks in Cloud Computing Environments."" Cyber Security and Applications (2025): 100085.",2025,"Develop deep learning-driven defense strategies to mitigate DDoS attacks in cloud computing environments, categorize DDoS attacks into volumetric, protocol-based, and application layer attacks, assess the role of explainable AI in improving transparency and confidence in security systems","CICDDoS2019, UNSW-NB15","Convolutional Neural Networks (CNNs), Long Short-Term Memory (LSTM) Networks, Autoencoders, Recurrent Neural Networks (RNNs)","flow duration, total Fwd packets, and Fwd Packet Length Mean","Standardization, feature selection","CNNs: Number of layers, filter size, LSTM: Number of units, learning rate, Autoencoders: Latent space size, learning rate, RNNs: Number of layers, hidden units","Accuracy, Precision, Recall, F1-Score","CNNs: Train accuracy 0.99, Test accuracy 0.96, LSTM: Train accuracy 0.98, Test accuracy 0.95, Autoencoders: Train accuracy 0.97, Test accuracy 0.94, RNNs: Train accuracy 0.95, Test accuracy 0.93","Deep learning models are highly effective in detecting DDoS attacks, explainable AI enhances model transparency and trust, dataset quality is crucial for detection performance","Improve dataset quality to include a broader spectrum of DDoS attack methodologies, integrate deep learning models with hybrid classifiers, further research on explainable AI techniques for better transparency",No specific model,No specific accuracy,Volumetric attacks are most common type of DDoS and the healthcare sector is the most attacked sector as per avg attack size vs number of attacks.
A comprehensive survey on DDoS attacks detection & mitigation in SDN-IoT network,SDN-IoT network,"Singh, Chandrapal, and Ankit Kumar Jain. ""A comprehensive survey on DDoS attacks detection & mitigation in SDN-IoT network."" e-Prime-Advances in Electrical Engineering, Electronics and Energy (2024): 100543.",2024,"Assess multiple DDoS attack mitigation solutions utilizing Software-Defined Networking (SDN) and determine the most effective solution tailored to specific network requirements, investigate various types of DDoS attacks and different types of defense, detection, and mitigation methods employed to address DDoS threats in SDN-based IoT (SDN-IoT) networks",Not explicitly stated,Not explicitly stated,Not explicitly stated,Not explicitly stated,Not explicitly stated,Not explicitly stated,Not explicitly stated,"The combination of IoT with SDN has given rise to the concept of an SDN-IoT platform, amalgamating the advantages of both technologies, SDN’s dynamic management capabilities enable the rapid detection and mitigation of DDoS attacks by creating and applying mitigation rules across the entire network, organizations employ various methods to mitigate DDoS attacks tailored to the unique needs of their networks",Not explicitly stated,Not explicitly stated,Not explicitly stated,"The increasing complexity of IoT devices presents substantial challenges in mitigating DDoS attacks, DDoS attacks on IoT networks exhibit distinct characteristics compared to other IoT threats, often involving numerous compromised devices capable of generating substantial traffic"
DDoS attack detection techniques in IoT networks: a survey,IoT,"Pakmehr, Amir, Andreas Aßmuth, Negar Taheri, and Ali Ghaffari. ""DDoS attack detection techniques in IoT networks: a survey."" Cluster Computing 27, no. 10 (2024): 14637-14668.",2024,"This article comprehensively examines the effects of DDoS attacks in the context of the IoT, which cause significant harm to existing systems, investigates several solutions to identify and deal with this type of attack, suggests a broad line of research in the field of IoT security, dedicated to examining how to adapt to current challenges and predicting future trends.",Not explicitly stated,Not explicitly stated,Not explicitly stated,Not explicitly stated,Not explicitly stated,Not explicitly stated,Not explicitly stated,"DDoS attacks take advantage of the limited resources available on IoT devices, which disrupts the functionality of IoT-connected applications and services, the increasing number of Internet-connected devices increases the number of attack points and the available capabilities for hackers to conduct attacks, the absence of consensus or standardization in security protocols for IoT, and the prevalent use of third-party hardware, software, and firmware further exacerbate this problem.",Not explicitly stated,Not explicitly stated,Not explicitly stated,"The Internet of Things (IoT) is a rapidly emerging technology that has become more valuable and vital in our daily lives, this technology enables connection and communication between objects and devices and allows these objects to exchange information and perform intelligent operations with each other, the IoT faces several challenges, including privacy protection, scalability, openness, reliability, architecture, security, and large data volumes."
Evading Cyber-Attacks on Hadoop Ecosystem: A Novel Machine Learning-Based Security-Centric Approach towards Big Data Cloud,Big Data Cloud (BDC) and Hadoop ecosystem,"Sharma, Neeraj A., Kunal Kumar, Tanzim Khorshed, ABM Shawkat Ali, Haris M. Khalid, S. M. Muyeen, and Linju Jose. ""Evading Cyber-Attacks on Hadoop Ecosystem: A Novel Machine Learning-Based Security-Centric Approach towards Big Data Cloud."" Information 15, no. 9 (2024): 558.",2024,"A novel machine learning-based security-centric approach has been proposed to evade cyber-attacks on the Hadoop ecosystem while considering the complexity of Big Data in Cloud (BDC), develop a reliable and effective method to distinguish between attacks and activities, reduce false alarms, and enhance cyber-attack detection",Not explicitly stated,Not explicitly stated,Not explicitly stated,Not explicitly stated,Not explicitly stated,Not explicitly stated,Not explicitly stated,"The proposed scheme effectively blocked the interface communication, retrieved performance-measured data from the Ambari-based virtual machine (VM) and BDC hypervisor, and showed a reduction in false alarms as well as cyber-attack detection",Not explicitly stated,Not explicitly stated,Not explicitly stated,"Ambari-based management interface was implemented to address variations and distinguish between attacks and activities, the proposed architecture was able to provide a reduction in false alarms and enhanced cyber-attack detection"
Predictive Optimization of DDoS Attack Mitigation in Distributed Systems using Machine Learning,Distributed system,"Wang, B., Y. He, Z. Shui, Q. Xin, and H. Lei. Predictive optimization of DDoS attack mitigation in distributed systems using machine learning. Appl. Comput. Eng. 2024, 64, 89–94.",2024,"Address complex challenges in cloud computing resource scheduling and management using machine learning optimization techniques, propose a comprehensive solution to improve system performance and efficiency in cloud computing resource management",Not explicitly stated,K-means clustering algorithm,Not explicitly stated,Not explicitly stated,Not explicitly stated,True Positive Rate (TPR),Not explicitly stated,"Real-time monitoring and analysis, network topology optimization, and coordinated defense capabilities are effective in mitigating DDoS attacks",Not explicitly stated,Not explicitly stated,Not explicitly stated,"DDoS attacks pose significant threats to cloud environments, leveraging machine learning can enhance detection and mitigation, integrating machine learning techniques offers promising predictive optimization for mitigating DDoS threats"
SDN-baseddetectionandmitigationofDDoSattacksonsmarthomes,SDN-enabled smart home network,"Garba, Usman Haruna, Adel N. Toosi, Muhammad Fermi Pasha, and Suleman Khan. ""SDN-based detection and mitigation of DDoS attacks on smart homes."" Computer Communications 221 (2024): 29-41.",2024,"Propose a framework for real-time DDoS attack detection and mitigation in SDN-enabled smart home networks, capture network traffic during regular operations and DDoS attacks, utilize ML models (SVM, Logistic Regression, Decision Trees, KNN) for attack detection, deploy SNORT for securing the SDN controller","IoT testbed custom dataset, UNSW-NB15, CICDDoS2019","Support Vector Machine (SVM), Logistic Regression, Decision Trees, K-Nearest Neighbors (KNN)",Not explicitly stated,Feature selection using Principal Component Analysis (PCA),Not explicitly stated,"Accuracy, Precision, Recall, F1-Score",Decision Tree : 98.93%,"ML algorithms efficiently classify traffic into benign and attack traffic, Decision Tree outperforms others with 99% accuracy, SNORT IDS effectively protects the SDN controller from attacks",Not explicitly stated,Decision Tree,Not explicitly stated,"Real-time DDoS attack detection and mitigation approach is scalable and can be deployed on the SDN controller without extra costs, dimension reduction techniques enhance overall detection accuracy"
A comprehensive study of DDoS attacks over IoT network and their countermeasures,IoT network,"Kumari, Pooja, and Ankit Kumar Jain. ""A comprehensive study of DDoS attacks over IoT network and their countermeasures."" Computers & Security 127 (2023): 103096.",2023,"Critically analyze existing DDoS variants, IoT security issues, the execution of DDoS attempts, exploitation of IoT devices and their creation into botnets or zombies, cover prevailing DDoS defense methodologies, and their comparative analysis.",Not explicitly stated,Not explicitly stated,Not explicitly stated,Not explicitly stated,Not explicitly stated,Not explicitly stated,Not explicitly stated,"DDoS is a serious threat to the availability of network resources, IoT devices are exploited to create botnets, attackers target popular and high-traffic industries, comparative analysis of defense methodologies for DDoS.",Not explicitly stated,Not explicitly stated,Not explicitly stated,"Major DDoS incidents include Mirai Botnet attack (2016), GitHub attack (2018), AWS attack (2020), Google attack (2020), and Yandex attack (2021)."
A hybrid methodology with learning based approach for protecting systems from DDoS attacks,Internet-based and cloud-based applications,"Ramesh, G., Venkata Ashok K. Gorantla, and Venkataramaiah Gude. ""A hybrid methodology with learning based approach for protecting systems from DDoS attacks."" Journal of Discrete Mathematical Sciences and Cryptography 26, no. 5 (2023): 1317-1325.",2023,"Propose a machine learning-based framework to detect DDoS attacks accurately, evaluate different ML models for real-time usage in distributed applications, implement an algorithm known as DDoS Attack Detection for Critical Services Protection (DAD-CSP) that takes datasets and ML pipelines as input to improve detection accuracy",Not explicitly stated,"Decision Tree, Naïve Bayes, Random Forest",Not explicitly stated,"Pre-process data, feature selection for dimensionality reduction",Not explicitly stated,"Accuracy, Precision, Recall, F1-Score",Random Forest: 92%,"Feature selection improves quality in training, ML models (DT, NB, RF) showed different capabilities in attack classification, Random Forest exhibited the highest performance with 92% accuracy",Explore hybrid models combining linear approaches (ML models) and deep learning (non-linear) models for improving prediction performance,Random Forest,0.92,"ML approaches are suitable for DDoS attack detection, feature selection has the potential to improve classification accuracy of ML models"
Comparison of ML/DL Approaches for Detecting DDoS Attacks in SDN,SDN,"Ali, Tariq Emad, Yung-Wey Chong, and Selvakumar Manickam. ""Comparison of ML/DL approaches for detecting DDoS attacks in SDN."" Applied Sciences 13, no. 5 (2023): 3033.",2023,"Employ various classification methods including SVM, KNN, DT, MLP, and CNN, compare their performance in detecting DDoS attacks in SDN environments","ICIDS2017, CICDDoS2019","Support Vector Machine (SVM), K-Nearest Neighbors (KNN), Decision Tree (DT), Multiple Layer Perceptron (MLP), Convolutional Neural Network (CNN)","CICIDS2017 dataset includes 79 features covering 6 distinct attack methods, CICDDoS2019 dataset includes 84 features and encompasses 12 different attack methods","Handling missing data using maximum likelihood estimation and linear interpolation, feature selection to remove unnecessary features","SVM: kernel='linear', C=1, gamma=1, random_state=0, KNN: n_neighbors=161, p=2, metric='euclidean', DT: max_depth=5, random_state=0, MLP: random_state=0, max_iter=200, alpha=1, CNN: Conv2D(64, (3, 3), strides=(2, 2), padding='same', input_shape=(2, 3, 3), activation='relu'","Accuracy, Precision, Recall, F1-Score, Matthews correlation coefficient (MCC), Training time, Predict time","CICIDS2017 dataset: SVM: 94.86% train, 94.01% prediction, KNN: 90.14% train, 89.16% prediction, DT: 95.33% train, 93.14% prediction, MLP: 91.21% train, 91.11% prediction, CNN: 95.18% train, 89.61% prediction, CICDDoS2019 dataset: SVM: 95.08% train, 95.57% prediction, KNN: 91.23% train, 90.61% prediction, DT: 96.43% train, 95.31% prediction, MLP: 91.22% train, 91.13% prediction, CNN: 97.81% train, 90.09% prediction","SVM achieves a good accuracy rate in both datasets compared with CNN and other algorithms, CNN has a large difference between training and prediction accuracy due to the need for a large dataset for training, SVM shows better performance in F1-score",Not explicitly stated,"CNN, SVM",97,"The results indicate that using different datasets (CICIDS2017 and CICDDoS2019) gives approximately the same values with a slight improvement using the CICDDoS2019 dataset, SVM and MLP show better accuracy performance in both training and prediction steps, CNN requires a large dataset for training to increase prediction accuracy, SVM has the highest F1-score (0.97), CNN has the highest training time"
DDoSAttack Detection in IoT-Based Networks Using Machine Learning Models: A Survey and Research Directions,IoT-based networks,"Alahmadi, Amal A., Malak Aljabri, Fahd Alhaidari, Danyah J. Alharthi, Ghadi E. Rayani, Leena A. Marghalani, Ohoud B. Alotaibi, and Shurooq A. Bajandouh. ""DDoS attack detection in IoT-based networks using machine learning models: A survey and research directions."" Electronics 12, no. 14 (2023): 3103.",2023,"Review selected studies and publications relevant to the topic of DDoS detection in IoT-based networks using machine learning, assess current approaches, identify limitations of existing methods, and suggest research directions for improving DDoS attack detection in IoT-based networks","Bot-IoT, CICDDoS2019, UNSW-NB15, NSL-KDD, and CCD-INID-V1","Decision Tree (DT), Random Forest (RF), K-Nearest Neighbors (KNN), XGBoost, Artificial Neural Networks (ANN), Support Vector Machine (SVM), Adaptive Boosting (AdaBoost)","Features related to network traffic, such as source and destination IP addresses, packet size, protocol type, flow duration, and other relevant network features","Feature selection, dimensionality reduction, standardization, handling missing data",Not explicitly stated,"Accuracy, Precision, Recall, F1-Score","ML models are essential for analyzing various datasets to enhance the ability to detect cyberattacks, the limitations of IoT devices' computational resources can be addressed through cloud and fog computing, integration of ML techniques can improve DDoS detection accuracy and reduce false positives","Develop new open-source IoT-based datasets, explore novel machine learning models such as AdaBoost, increase the number of IoT devices in experimental setups to reflect realistic scenarios",Not explicitly stated,Not explicitly stated,Not explicitly stated,"The IoT is a rapidly emerging technology with significant implications for cybersecurity, DDoS attacks pose a severe threat to IoT networks, leveraging ML models can enhance the detection and mitigation of such attacks"
DDoS attacks detection using machine learning and deep learning techniques: analysis and comparison,No Specific,"Al-Shareeda, Mahmood A., Selvakumar Manickam, and Murtaja Ali Saare. ""DDoS attacks detection using machine learning and deep learning techniques: analysis and comparison."" Bulletin of Electrical Engineering and Informatics 12, no. 2 (2023): 930-939.",2023,"Discuss various machine learning (ML) and deep learning (DL) techniques for identifying and analyzing DDoS attacks, analyze and compare significant distinctions between ML and DL techniques to aid in determining when to use each technique",Not explicitly stated,"Naive Bayes, Support Vector Machine (SVM), Decision Tree, K-Mean Clustering, Genetic Algorithms, Recurrent Neural Network (RNN), Deep Auto-Encoder (DAE), Deep Boltzmann Machine (DBM), Deep Belief Networks (DBN), Convolutional Neural Network (CNN)",Not explicitly stated,Not explicitly stated,Not explicitly stated,"Accuracy, Precision, Recall, F1-Score","Naive Bayes: Not stated, SVM: 95.24%, Decision Tree: Own, Decision Tree (Lucky et al.): 99.93%, K-Mean Clustering: 99.69%, Genetic Algorithm: 85%, RNN: 89%, DAE: 96.53%, DBM: Not stated, CNN (Liu et al.): 97.7%, CNN (Mohammadpour et al.): 99.97%","DL approaches outperformed ML techniques in terms of accuracy with larger datasets, DL methods provide better accuracy and detection rates for larger data, while ML techniques are faster to train and require more human effort",Extend work by proposing new models to detect DDoS attacks for IDS,CNN,99.97,"DL and ML methodologies diverge significantly, ML is a subset of AI, with little data ML achieves high accuracy and detection rates, while with large data DL achieves good accuracy and detection rates, DL reduces human effort and involvement compared to ML"
Detecting DDoS Attacks Using Adversarial Neural Network,Cloud computing environment,"Mustapha, Ali, Rida Khatoun, Sherali Zeadally, Fadlallah Chbib, Ahmad Fadlallah, Walid Fahs, and Ali El Attar. ""Detecting DDoS attacks using adversarial neural network."" Computers & Security 127 (2023): 103117.",2023,"Propose a DDoS detection method based on the Long Short-Term Memory (LSTM) model, test the LSTM model against adversarial DDoS attacks generated using Generative Adversarial Networks (GANs), and enhance the detection model to identify adversarial DDoS traffic","CICDDoS2019, CIC-IDS2017","Long Short-Term Memory (LSTM), Generative Adversarial Networks (GANs)",Not explicitly stated,"Removing null and infinite values, dropping unused or uneven distribution features, normalizing and scaling data using min-max scaling, feature selection using SHapley Additive exPlanations (SHAP)","LSTM: ReLU activation, Sigmoid activation, binary cross-entropy loss, ADAM optimizer, GAN: Adam optimizer with α = 0.0002, β1 = 0.5, and β2 = 0.999","Accuracy, Precision, Recall, F1-Score, ROC-AUC","LSTM detection model: 100% for traditional DDoS attacks, 91.75% to 100% for adversarial DDoS attacks generated by GAN","The LSTM-based detection model shows high accuracy in detecting traditional DDoS attacks, but its performance decreases when facing adversarial DDoS attacks. Enhancing the detection model by using adversarial samples in training improves its robustness against adversarial attacks.","Evaluate the performance of IDS on data generated by other models such as auto-encoders, investigate the use of online learning algorithms for real-time model updates",LSTM,92,"DDoS attacks can overwhelm a target with a flood of requests, making it unable to serve legitimate requests. GANs can generate adversarial DDoS traffic that mimics legitimate data to evade detection. Enhancing IDS with GAN-generated adversarial samples can improve detection accuracy and robustness."
Machine Learning Techniques to Detect a DDoS Attack in SDN: ASystematic Review,SDN,"Ali, Tariq Emad, Yung-Wey Chong, and Selvakumar Manickam. ""Machine learning techniques to detect a DDoS attack in SDN: A systematic review."" Applied Sciences 13, no. 5 (2023): 3183.",2023,Identify and analyze ML/DL techniques for detecting DDoS attacks in SDN from 2018 to 2022 using systematic review methodology,"CIC-IDS2017, CICDDoS2019","CNN, RNN, LSTM, and ensemble models",Not explicitly stated,"Normalization, Min-Max scaling, Shannon entropy","Batch sizes, learning rates, number of epochs","precision, recall, F1-score, accuracy",Not explicitly stated,Comprehensive analysis of ML/DL models with suggestions for improvement,"Encourage real-time deployment, dynamic updates, and lightweight models for constrained networks",CNN-based and hybrid models,99,"Need for dynamic dataset updates, lightweight solutions for IoT, SDN as an emerging attack target"
Towards DDoS Attack Detection using Deep Learning Approach,,"Aktar, Sharmin, and Abdullah Yasin Nur. ""Towards DDoS attack detection using deep learning approach."" Computers & Security 129 (2023): 103251.",2023,Proposed a deep learning-based model using a Contractive Autoencoder (CAE) to detect anomalies by learning normal traffic patterns and identifying deviations.,"CIC-IDS2017, NSL-KDD, CIC-DDoS2019",Contractive Autoencoder (CAE),network flow details,"Duplicate removal, Min-Max Normalization, one-hot encoding","Batch size (32), epochs (100), hidden layers (2), activation function (Sigmoid)","Precision, Recall, F1-Score, Accuracy","CIC-DDoS2019: 97.58%, NSL-KDD: 96.08%, CIC-IDS2017: 92.45%","The CAE model performed significantly better than other methods like Variational Autoencoder (VAE), Basic Autoencoder (AE), and LSTM-AE across all datasets",Extend the binary classification model to multi-class classification problems and improve generalization for real-world scenarios.,Contractive Autoencoder,97.58,"Model's reconstruction-error-based anomaly detection outperformed traditional methods, demonstrated effective detection of known and unknown attacks"
A Machine Learning-Based Classification and Prediction Technique for DDoS Attacks,IoT,"Mohmand, Muhammad Ismail, Hameed Hussain, Ayaz Ali Khan, Ubaid Ullah, Muhammad Zakarya, Aftab Ahmed, Mushtaq Raza, Izaz Ur Rahman, and Muhammad Haleem. ""A machine learning-based classification and prediction technique for DDoS attacks."" IEEE Access 10 (2022): 21443-21454.",2022,Machine learning-based classification and prediction technique for DDoS attacks,UNSW-nb15,"Random Forest, XGBoost","Proto presenting medium of the network, label of the attacks, attacks category presenting severity","Data normalization and pre-processing, statistical techniques used for missing value handling",Not explicitly stated,"Precision, Recall, F1-Score, Accuracy","Random Forest - 89%, XGBoost - 90%",XGBoost is observed to outperform Random Forest in accuracy and efficiency for DDoS attack detection,Suggest exploring non-supervised learning algorithms for DDoS detection and working on datasets with unlabeled data,XGBoost,90,"Random Forest and XGBoost used supervised learning models, dataset features from UNSW-nb15, Python and Jupyter Notebook employed"
A distributed and collaborative detection framework for early detection of DDoS attacks,Distributed Systems (Hadoop Cluster),"Patil, Nilesh Vishwasrao, C. Rama Krishna, Krishan Kumar, and Sunny Behal. ""E-Had: A distributed and collaborative detection framework for early detection of DDoS attacks."" Journal of King Saud University-Computer and Information Sciences 34, no. 4 (2022): 1373-1387.",2022,To propose the E-Had framework for distributed and collaborative early detection of different DDoS attack scenarios and Flash Crowds (FCs).,"CAIDA dataset, MIT Lincoln dataset, FIFA World Cup dataset",Shannon Entropy-based detection model,Probability distributions and entropy values of source IP addresses,"plitting of large data files into blocks (64MB, 128MB, 256MB) and distributed processing among mapper nodes in Hadoop",Not explicitly stated,"Detection rate (DR), Precision (P), False Positive Rate (FPR), True Negative Rate (TNR), F-Measure (FM), Classification Rate (CR)",Detection accuracy was found to be 99%,"E-Had effectively distributes the computational overhead among mapper nodes of the Hadoop framework, leading to faster detection and lower false positives compared to traditional victim-end defense solutions.",To explore more advanced information-theory-based measures for attack detection and analyze high-volume network traffic using Apache Spark and Apache Kafka.,E-Had,99,"E-Had demonstrated high scalability, robustness, and effectiveness in differentiating DDoS attacks from Flash Crowds. The system achieves fast response times with reduced computational costs."
KS‑DDoS: Kafka streams‑based classification approach for DDoS attacks,Distributed systems (Kafka Streams and Hadoop),"Patil, Nilesh Vishwasrao, C. Rama Krishna, and Krishan Kumar. ""KS-DDoS: Kafka streams-based classification approach for DDoS attacks."" The Journal of Supercomputing 78, no. 6 (2022): 8946-8976.",2022,"To propose a Kafka Streams-based distributed classification approach (KS-DDoS) for real-time DDoS attack detection, classifying network traces into nine distinct classes.",CICDDoS2019,"Distributed Random Forest (DRF), Gradient Boosting Machine (GBM), Naive Bayes (NB)","packet length stats, flow duration, and protocol","Feature extraction, normalization (MinMax scaling",Not explicitly stated,"Precision, Recall, F1-Score, Accuracy","Distributed Random Forest achieved an accuracy of 80.07% during model design, and classification accuracy post-deployment ranged between 65.33% and 91.23% across different scenarios.",KS-DDoS demonstrated high scalability and real-time classification efficiency for DDoS attacks by leveraging Kafka Streams for distributed message processing and DRF for classification.,Plans to integrate mechanisms to differentiate DDoS attacks from Flash Events and deploy the system in IoT and fog/edge environments.,Distributed Random Forest,91.23,"The system efficiently processed large-scale network data in real-time, achieving automated classification while reducing computational complexity using distributed architecture."
"Machine Learning for DDoS Attack Detection in Industry
 4.0 CPPSs",Industry 4.0 (Cyber-Physical Production Systems),"Saghezchi, Firooz B., Georgios Mantas, Manuel A. Violas, A. Manuel de Oliveira Duarte, and Jonathan Rodriguez. ""Machine learning for DDoS attack detection in industry 4.0 CPPSs."" Electronics 11, no. 4 (2022): 602.",2022,To design a Machine Learning-based intrusion detection system (IDS) for detecting Distributed Denial-of-Service (DDoS) attacks in Industry 4.0 CPPS environments.,Benign data from Infineon’s semiconductor production facilities and malicious data from the DDoSDB database.,"Decision Tree, Random Forest, K-Nearest Neighbors, Logistic Regression, Naive Bayes, Bayesian Network, Support Vector Machine, OneR, K-Means, Expectation-Maximization, Univariate Gaussian.","45 bidirectional flow features, including packet length, flow duration, and packet interarrival time.",Principal Component Analysis (PCA) for feature selection and normalization.,Not explicitly stated,"Precision, Recall, F1-Score, Accuracy","Decision Tree, Random Forest, and K-Nearest Neighbors achieved 99.9% accuracy.","Supervised learning algorithms outperformed semi-supervised and unsupervised ones. Decision Tree, Random Forest, and K-Nearest Neighbors demonstrated the best performance, with minimal False Positive Rates (FPR = 0.001).",Suggests investigating ensemble learning techniques and developing a collaborative IDS based on federated learning for Industry 4.0 CPPSs.,Decision Tree,99.9,"The study is one of the first to analyze real-world data from large-scale factories, demonstrating the viability of supervised Machine Learning for Industry 4.0 IDS development."
Machine‑Learning‑Enabled DDoS Attacks Detection in P4 Programmable Networks,SDN (Software-Defined Networking) with P4-enabled data planes,"Musumeci, Francesco, Ali Can Fidanci, Francesco Paolucci, Filippo Cugini, and Massimo Tornatore. ""Machine-learning-enabled ddos attacks detection in p4 programmable networks."" Journal of Network and Systems Management 30 (2022): 1-27.",2021,"Investigates ML-based DDoS attack detection (DAD) leveraging P4 data plane programmability in SDN to detect attacks such as TCP SYN flood, enabling real-time detection while reducing the involvement of SDN controllers.",Realistic emulated traffic datasets generated using Spirent N4U traffic generator,"Random Forest (RF), K-Nearest Neighbors (KNN), Support Vector Machine (SVM), Artificial Neural Networks (ANN)","Traffic metrics derived from protocol-specific features: average packet length, TCP/UDP ratio, TCP-SYN flags ratio",Features extraction using P4-enabled switches with metadata output or through mirroring packets/headers,"ANN - number of layers and neurons, RF - number of trees","Precision, Recall, F1-Score, Accuracy",All algorithms achieved over 98% accuracy,Distributed detection at P4 data plane offers low-latency detection (under 200 μs in some configurations). Classification metrics were highly reliable across all ML algorithms. Metadata extraction was observed to outperform simple mirroring approaches in real-time deployment,"Proposes exploring multi-class classification to identify attack types, integrating historical data (e.g., with Recurrent Neural Networks), and incorporating detection mechanisms in fog/edge computing systems.",SVM,98,P4 data planes reduced detection latency significantly by performing in-network feature extraction. Evaluation showed significant advantages in implementing ML-based DAD in programmable network environments.
Transport and Application Layer DDoS Attacks Detection to IoT Devices by Using Machine Learning and DeepLearning Models,IoT networks,"Almaraz-Rivera, Josue Genaro, Jesus Arturo Perez-Diaz, and Jose Antonio Cantoral-Ceballos. ""Transport and application layer DDoS attacks detection to IoT devices by using machine learning and deep learning models."" Sensors 22, no. 9 (2022): 3367.",2022,"To develop a smart Intrusion Detection System (IDS) based on Machine Learning and Deep Learning models for binary and multiclass classification of DDoS and DoS attacks on IoT networks using the Bot-IoT dataset, addressing class imbalance and feature dependencies.",Bot-IoT dataset,"Decision Tree, Multi-layer Perceptron (MLP), Random Forest, Support Vector Machines (SVM), Recurrent Neural Network (RNN), Long Short-Term Memory (LSTM), Gated Recurrent Units (GRU)","15–18 features derived from statistical variables, including total packets, bytes, mean, max, min, and rates, among others, excluding timestamps in some sets to test generalizability.","Class balancing by random flow selection, standardization (mean subtraction and division by standard deviation).","Systematic tuning for models, detailed hyperparameters for DL models (e.g., batch size, layers, sequence length), and for ML models (e.g., max depth, tree count).","Accuracy, Precision, Recall, F1 Score, Average Flows/Second","Decision Tree achieved highest results, over 99.9% across different scenarios; binary and multiclass classification results were high for Random Forest and other models.","Decision Tree consistently outperformed others in accuracy, scalability, and real-time feasibility for IoT environments. ML models were found to generalize better due to lower dependency on specific features.",Proposes integrating the IDS with Software Defined Networks (SDNs) and exploring its application in Multi-IoT environments and real-time detection with Open Network Operating Systems (ONOS).,Decision Tree,99.9,"The research uniquely tackled class imbalance without introducing synthetic data or class weights, yielding robust IDS performance with minimal bias."
AHadoopBasedFrameworkIntegrating Machine Learning Classifiers for Anomaly Detection in the Internet of Things,IoT,"Thaseen, Ikram Sumaiya, Vanitha Mohanraj, Sakthivel Ramachandran, Kishore Sanapala, and Sang-Soo Yeo. ""A hadoop based framework integrating machine learning classifiers for anomaly detection in the internet of things."" Electronics 10, no. 16 (2021): 1955.",2021,": To propose a Hadoop-based framework integrating machine learning classifiers for detecting anomalies in IoT traffic, utilizing a modified Tomek-link under-sampling technique with automated hyperparameter tuning to improve accuracy and minimize computational time.",BoT-IoT and ToN-IoT datasets,"Naive Bayes (NB), K-Nearest Neighbor (KNN), Support Vector Machine (SVM)","Attributes include source and destination IP, packet size, protocol, and others detailed in the datasets","Modified Tomek-link under-sampling for class imbalance, standard scaling, label encoding","Tuned using artificial immune network (Opt-aiNet); parameters include K (neighbors for KNN), σ and C (SVM), and distribution type (NB)","Accuracy, Precision, Recall, F1 Score, MCC","BoT-IoT dataset - 99%, ToN-IoT dataset - average accuracy across scenarios",The framework demonstrated significant computational time reduction (3–4 hours to ~25 minutes for large datasets) and improved anomaly detection performance through distributed processing on Hadoop.,"Suggestions include exploring advanced sampling techniques, incorporating real-time IoT traffic, and integrating ensemble-based classifiers for scalability.",SVM,99,"The proposed model achieved a 19% improvement in accuracy compared to state-of-the-art techniques, highlighting the impact of modified Tomek-link sampling and Hadoop-based architecture."
Clustering based semi-supervised machine learning for DDoS attack classification,Victim-end Defense (Web Server),"Aamir, Muhammad, and Syed Mustafa Ali Zaidi. ""Clustering based semi-supervised machine learning for DDoS attack classification."" Journal of King Saud University-Computer and Information Sciences 33, no. 4 (2021): 436-446.",2021,"o propose a semi-supervised machine learning method combining clustering and supervised learning to classify DDoS attacks on victim-end traffic, using features like traffic rate, processing delay, and CPU utilization.",Generated using OPNET Modeler Simulator with 1000 instances,"Agglomerative Clustering (AC), Principal Component Analysis (PCA) + K-Means, Voting method for labeling, k-Nearest Neighbors (kNN), Support Vector Machine (SVM), Random Forest (RF)","Traffic rate, processing delay, CPU utilization","Min-Max normalization, PCA for feature extraction","k-value optimization for kNN (k=11), GridSearchCV for SVM (C=100.0, gamma=1.0) and RF (n_estimators=100)","Accuracy, Precision, Error Rate, Area Under Curve (AUC)","kNN - 95%, SVM - 92%, RF - 96.66%","Voting method effectively reduced false positives by introducing a ""suspicious"" category for traffic. Random Forest provided the best classification performance.","Further refinement of voting methods, inclusion of additional clustering algorithms and neural networks like Self-Organizing Maps (SOM) for improved performance.",Random Forest,96.66,"Proposed method validated with CICIDS2017 benchmark subset, achieving an 82.10% labeling accuracy for new attack vectors."
DDoS attack detection using deep learning,IoT,"Khempetch, Thapanarath, and Pongpisit Wuttidittachotti. ""DDoS attack detection using deep learning."" IAES International Journal of Artificial Intelligence 10, no. 2 (2021): 382.",2021,To utilize deep neural networks (DNN) and long short-term memory (LSTM) for detecting and classifying Distributed Denial-of-Service (DDoS) attacks in IoT networks.,CICDDoS2019 dataset,"Deep Neural Network (DNN), Long Short-Term Memory (LSTM)","Features related to distinguishing between ""normal"" and ""abnormal"" data, including network flows and data attributes","Data cleaning (removing empty and invalid data), feature selection using algorithms (e.g., Weka), feature engineering (transforming data for deep learning models)","Learning rate, batch size, epochs, number of hidden layers and units, dropout rate (e.g., epochs set to 10, RAdam optimizer)","Accuracy, Precision, Error Rate, Area Under Curve (AUC)","DNN - 99.93% to 99.95%, LSTM - 99.90% to 99.97%","Both DNN and LSTM demonstrated high accuracy for detecting Syn Flood, UDP Flood, and UDP-Lag attacks. LSTM performed slightly better in Syn Flood and UDP Flood detection, while DNN excelled in UDP-Lag detection.","To explore additional learning models and compare their performance with DNN and LSTM, testing further DDoS attack types (e.g., DNS, NetBIOS, SNMP) and applying the models in real-world scenarios.",LSTM,99.97,The models achieved exceptional performance in detecting DDoS attacks with minimal overfitting due to dropout layers. The CICDDoS2019 dataset’s updated taxonomy improved attack detection results significantly.
Deeplearning approaches for detecting DDoSattacks: a systematic review,"Not specific, but applies broadly to IoT, SDN, and other network domains","Mittal, Meenakshi, Krishan Kumar, and Sunny Behal. ""Deep learning approaches for detecting DDoS attacks: A systematic review."" Soft computing 27, no. 18 (2023): 13039-13075.",2022,"To systematically review deep learning approaches for detecting DDoS attacks, identifying the methodologies, strengths, weaknesses, benchmark datasets, preprocessing strategies, hyperparameter tuning, performance metrics, and research gaps in the field from 2018–2021","CICIDS2017, CICDDoS2019, ISCX2012, KDDCUP99, NSL-KDD, UNSW-NB15, CSE-CIC-IDS2018","Deep Learning categories include supervised instance learning (DNN, CNN, etc.), supervised sequence learning (LSTM, GRU, etc.), semi-supervised learning (Autoencoders), hybrid learning (CNN-LSTM, etc.), and others (transfer learning)",Not explicitly stated,"Min-Max normalization, one-hot encoding, Z-score normalization, feature extraction with PCA or entropy techniques, and data augmentation for imbalanced datasets","fine-tune learning rates, batch sizes, dropout rates, layers, epochs, and activation functions; exact values vary based on models","Accuracy, Precision, Recall, F1-Score, AUC, False Positive Rate (FPR), Training/Testing Time","Approaches demonstrate accuracy above 99% for specific cases in datasets like CICIDS2017, CICDDoS2019, and NSL-KDD. For example, DNN and CNN-LSTM achieve over 99% on certain datasets","Supervised approaches dominate the field, real-world validation is lacking, datasets are imbalanced and insufficient, preprocessing is critical for improving accuracy, models often tested in offline environments rather than real-time scenarios","Emphasizes creating real-time deployable models, addressing unseen attacks or zero-day attacks, generating balanced datasets with diverse traffic types, and implementing lightweight DL frameworks for constrained environments like IoT",No singular model identified as superior; suitability varies with use-case and dataset,Not explicitly stated,"A detailed taxonomy of DL approaches provided (e.g., supervised, semi-supervised, hybrid), highlights research gaps such as lack of comprehensive datasets, real-time model evaluations, and binary versus multi-class classification focus."
Detection of Unknown DDoS Attacks with Deep Learning and Gaussian Mixture Model,Computer networks and distributed systems,"Shieh, Chin-Shiuh, Wan-Wei Lin, Thanh-Tuan Nguyen, Chi-Hong Chen, Mong-Fong Horng, and Denis Miu. ""Detection of unknown ddos attacks with deep learning and gaussian mixture model."" Applied Sciences 11, no. 11 (2021): 5213.",2021,"To address the Open Set Recognition (OSR) problem in DDoS attack detection by proposing a BI-LSTM-GMM framework integrating Bi-Directional Long Short-Term Memory (BI-LSTM), Gaussian Mixture Model (GMM), and incremental learning to detect unknown DDoS attacks.",CIC-IDS2017 and CIC-DDoS2019,BI-LSTM combined with GMM,"Traffic flow characteristics, time-domain correlations",Feature normalization and One-Hot encoding,"Epoch = 500, batch size = 1024, clipnorm = 0.9, learning rate = 0.00859","Recall, Precision, Accuracy, F1 Score, AUC","Recall = 95.3% (CIC-IDS2017 Wednesday), Accuracy = 99.8% (CIC-IDS2017 Friday) after incremental learning",The framework demonstrated effective performance in detecting unknown DDoS attacks. Incremental learning significantly improved model performance on unseen traffic while maintaining high accuracy for known traffic.,"Validation on more datasets, automatic configuration of BI-LSTM and GMM parameters, and reducing the need for manual intervention by traffic engineers.",BI-LSTM-GMM,99.8,"Incorporating the GMM addresses OSR by identifying novel traffic instances, which are then labeled and used for incremental learning, ensuring adaptability to evolving attack vectors."
Detection of Different DDoS Attacks Using Machine Learning Classification Algorithms,IoT networks,"Dasari, Kishore Babu, and Nagaraju Devarakonda. ""Detection of Different DDoS Attacks Using Machine Learning Classification Algorithms."" Ingénierie des Systèmes d Inf. 26, no. 5 (2021): 461-468.",2021,To evaluate and compare the performance of six machine learning classification algorithms in detecting eleven different DDoS attacks using the CICDDoS2019 dataset.,CICDDoS2019,"Logistic Regression, Decision Tree, Random Forest, AdaBoost, K-Nearest Neighbors (KNN), Naive Bayes","88 network flow features from CICFlowMeter, including forward and backward packet rates, flow duration, and others","Removal of irrelevant socket features, handling missing values, encoding labels as binary (0 and 1 for benign and attack, respectively), and data standardization with StandardScaler",Not explicitly stated,"Accuracy, Precision, Recall, F1 Score, Specificity, ROC-AUC","Logistic Regression, AdaBoost, Naive Bayes performed best across multiple attacks with accuracy reaching up to 99.97%","Logistic Regression, AdaBoost, and Naive Bayes consistently outperformed other algorithms such as Decision Tree and Random Forest. The study highlighted that effective detection methods vary depending on the type of DDoS attack.",Focus on feature selection to reduce dataset size and test the algorithms on low-cost hardware.,"Logistic Regression, AdaBoost, Naive Bayes",99.97,"The study utilized Google Colab TPU hardware to achieve high computational efficiency. ROC-AUC scores indicated that Logistic Regression and Naive Bayes provided the best overall performance, followed by AdaBoost."
DoSandDDoSattacksinSoftwareDefinedNetworks:Asurveyof existingsolutionsandresearchchallenges,SDN,"Eliyan, Lubna Fayez, and Roberto Di Pietro. ""DoS and DDoS attacks in Software Defined Networks: A survey of existing solutions and research challenges."" Future Generation Computer Systems 122 (2021): 149-171.",2021,"To provide a comprehensive review of existing solutions addressing DoS and DDoS attacks in SDNs, categorizing countermeasures by their focus areas (detection, mitigation, prevention, or graceful degradation), and highlighting challenges and future research directions",Not explicitly stated,"Categorized into intrinsic solutions (table entry-based, scheduling, architecture-based) and extrinsic solutions (statistics-based and machine learning-based approaches).","paper emphasizes flow tables, traffic patterns, and communication overhead",Not explicitly stated,Not explicitly stated,"Efficiency, accuracy of detection, false-positive rate, impact on network latency, and resource utilization under attack scenarios.",Not explicitly stated,"Intrinsic solutions address SDN components like flow tables or controllers, while extrinsic solutions analyze traffic features or apply machine learning. Many solutions effectively mitigate attacks but may introduce overhead or require SDN architecture modifications. Lightweight statistical methods offer scalability but lack precision compared to machine learning approaches.","Suggested improvements include developing prevention-focused approaches, lightweight solutions for real-time deployment, incorporating client verification techniques like Proof-of-Work, and enhancing SDN resilience without extensive architectural modifications.",Not explicitly stated,Not explicitly stated,"Proposes categorization of countermeasures into intrinsic (e.g., flow table and scheduling solutions) and extrinsic (e.g., entropy-based and machine learning approaches). Highlights the trade-offs between scalability, precision, and implementation complexity."
Predicting DOS-DDOS Attacks: Review and Evaluation Study of Feature Selection Methods based on Wrapper Process,General network environments,"Bouzoubaa, Kawtar, Youssef Taher, and Benayad Nsiri. ""Predicting DOS-DDOS attacks: Review and evaluation study of feature selection methods based on wrapper process."" Int. J. Adv. Comput. Sci. Appl 12, no. 5 (2021): 132-145.",2021,"To evaluate the performance of feature selection wrapper methods in predicting DOS-DDOS attacks by reviewing key datasets, wrapper algorithms, and their impact on accuracy, detection rate, execution time, and overall model optimization in ML-based","KDD’99, NSL-KDD, UNSW-NB15, and others","J48, Random Forest (RF), Naive Bayes (NB), Support Vector Machine (SVM), k-Nearest Neighbors (KNN), Gradient Boosting, Principal Component Analysis (PCA) combined with Genetic Algorithms (GA), Ant Colony Optimization (ACO), Artificial Bee Colony (ABC)","Selected based on wrapper processes; examples include traffic features like source/destination IP, packet length, protocol type, attack categories","Feature selection via wrapper processes (heuristic, meta-heuristic, random search methods) to identify relevant and non-redundant features","Algorithm-specific tuning; detailed configurations depend on wrapper strategies used (e.g., GA tuning, ACO optimization)","Accuracy, Detection Rate (DR), False Positive Rate (FPR), Specificity, Sensitivity, F1 Score, Precision, Execution Time","99.92% accuracy for J48 + Wrapper method on KDD’99 dataset, 99.9% accuracy for RF with NSL-KDD dataset","Wrapper methods significantly enhance DOS-DDOS detection performance by reducing dimensionality, improving model accuracy, and decreasing execution time. Random Forest and J48 consistently achieved superior results compared to other classifiers.","Recommends integrating advanced hybrid wrapper methods, exploring datasets with modern low-footprint attacks, and applying lightweight techniques for real-time and high-traffic scenarios.","Random Forest,J48",99.9,"Highlights the importance of heuristic and meta-heuristic methods like ACO, PCA-GA, and ABC for optimizing feature selection in large-scale network intrusion datasets."
Real-Time DDoS Attack Detection System Using Big Data Approach,Big Data (Apache Spark Framework),"Awan, Mazhar Javed, Umar Farooq, Hafiz Muhammad Aqeel Babar, Awais Yasin, Haitham Nobanee, Muzammil Hussain, Owais Hakeem, and Azlan Mohd Zain. ""Real-time DDoS attack detection system using big data approach."" Sustainability 13, no. 19 (2021): 10743.",2021,To propose a machine-learning-based system for real-time detection of DDoS attacks using big data approaches and to optimize model execution time and prediction accuracy for large-scale data.,Application-layer DDoS dataset (Kaggle),"Random Forest (RF), Multi-Layer Perceptron (MLP)",Features reduced from 77 to 25 using Principal Component Analysis (PCA). Relevant features include packet attributes and behavior indicators.,"Noise filtering, handling missing values, data normalization, dimensionality reduction via PCA, transformation of data for Spark ML compatibility.","For RF: trees ranged from 100 to 500, Gini criteria used for splits. For MLP: iterations ranged from 100 to 500, ReLU as activation function, Adam optimizer applied.","Accuracy, Precision, Recall, F1 Score, Execution Time","RF and MLP achieved maximum accuracy of 99.94% and 99.95%, respectively, under big data conditions.","While both RF and MLP showed similar accuracy across conditions, the big data approach (using Spark ML) significantly reduced execution times due to distributed in-memory computations. RF slightly outperformed MLP in precision and recall metrics.","Suggests exploring other big data tools like Hadoop for performance evaluation and implementing deep learning architectures, such as CNN, for real-time detection in distributed systems.",MLP,99.95,The big data framework (Apache Spark ML) reduced training/testing times substantially compared to traditional non-big data methods while maintaining high detection accuracy and real-time feasibility.
Towards Effective Detection of Recent DDoS Attacks: A Deep Learning Approach,General Network Environment,"Ortet Lopes, Ivandro, Deqing Zou, Francis A. Ruambo, Saeed Akbar, and Bin Yuan. ""Towards effective detection of recent DDoS attacks: A deep learning approach."" Security and Communication Networks 2021, no. 1 (2021): 5710028.",2021,"To propose CyDDoS, a lightweight, deep-learning-based IDS framework for detecting recent DDoS attacks, reducing system processing overhead by integrating ensemble feature selection techniques with a deep neural network (DNN).",CICDDoS2019,Deep Neural Network (DNN),"Features derived via ensemble ranking algorithms, including metrics like packet length, flow duration, and others selected based on thresholds or feature weights","Removal of irrelevant features, handling missing values using the median, categorical variable embedding, and Z-score normalization","Adaptive learning rate (cyclical strategy), batch size = 1024, epochs = 5, and parameters tuned for optimal performance","Accuracy, Precision, Recall, F1 Score, AUC",Achieved accuracy of 99.6% with ROC value near 0.998,"The CyDDoS system demonstrated superior detection of DDoS attacks while reducing computational overhead by 89% in terms of features from the dataset. Ensemble methods significantly improved classification metrics, and the use of GPU enhanced prediction performance.","Plans to extend CyDDoS for multiclass DDoS attack detection, integration with controllers for real-time traffic filtering, and applying Explainable Artificial Intelligence (XAI) techniques to improve model interpretability.",DNN-based IDS framework,99.6,"The framework showed efficient, real-time detection capabilities with reduced processing time, leveraging an ensemble of machine learning algorithms for feature selection. It significantly outperformed classical ML methods and state-of-the-art DL models."
,,,,,,,,,,,,,,,,
,,,,,,,,,,,,,,,,
,,,,,,,,,,,,,,,,
,,,,,,,,,,,,,,,,
,,,,,,,,,,,,,,,,
,,,,,,,,,,,,,,,,
,,,,,,,,,,,,,,,,
,,,,,,,,,,,,,,,,
,,,,,,,,,,,,,,,,
,,,,,,,,,,,,,,,,
,,,,,,,,,,,,,,,,
,,,,,,,,,,,,,,,,
,,,,,,,,,,,,,,,,
,,,,,,,,,,,,,,,,
,,,,,,,,,,,,,,,,
,,,,,,,,,,,,,,,,
,,,,,,,,,,,,,,,,
,,,,,,,,,,,,,,,,
,,,,,,,,,,,,,,,,
,,,,,,,,,,,,,,,,
,,,,,,,,,,,,,,,,
,,,,,,,,,,,,,,,,
,,,,,,,,,,,,,,,,
,,,,,,,,,,,,,,,,
,,,,,,,,,,,,,,,,
,,,,,,,,,,,,,,,,
,,,,,,,,,,,,,,,,
,,,,,,,,,,,,,,,,
,,,,,,,,,,,,,,,,
,,,,,,,,,,,,,,,,
,,,,,,,,,,,,,,,,
,,,,,,,,,,,,,,,,
,,,,,,,,,,,,,,,,
,,,,,,,,,,,,,,,,
,,,,,,,,,,,,,,,,
,,,,,,,,,,,,,,,,
,,,,,,,,,,,,,,,,
,,,,,,,,,,,,,,,,
,,,,,,,,,,,,,,,,
,,,,,,,,,,,,,,,,
,,,,,,,,,,,,,,,,
,,,,,,,,,,,,,,,,
,,,,,,,,,,,,,,,,
,,,,,,,,,,,,,,,,
,,,,,,,,,,,,,,,,
,,,,,,,,,,,,,,,,
,,,,,,,,,,,,,,,,
,,,,,,,,,,,,,,,,
,,,,,,,,,,,,,,,,
,,,,,,,,,,,,,,,,
,,,,,,,,,,,,,,,,
,,,,,,,,,,,,,,,,
,,,,,,,,,,,,,,,,
,,,,,,,,,,,,,,,,
,,,,,,,,,,,,,,,,
,,,,,,,,,,,,,,,,
,,,,,,,,,,,,,,,,
,,,,,,,,,,,,,,,,
,,,,,,,,,,,,,,,,
,,,,,,,,,,,,,,,,
,,,,,,,,,,,,,,,,
,,,,,,,,,,,,,,,,
,,,,,,,,,,,,,,,,
,,,,,,,,,,,,,,,,
,,,,,,,,,,,,,,,,
,,,,,,,,,,,,,,,,
,,,,,,,,,,,,,,,,
,,,,,,,,,,,,,,,,
,,,,,,,,,,,,,,,,
,,,,,,,,,,,,,,,,
,,,,,,,,,,,,,,,,
,,,,,,,,,,,,,,,,
,,,,,,,,,,,,,,,,
,,,,,,,,,,,,,,,,
,,,,,,,,,,,,,,,,
,,,,,,,,,,,,,,,,
,,,,,,,,,,,,,,,,
,,,,,,,,,,,,,,,,
,,,,,,,,,,,,,,,,
,,,,,,,,,,,,,,,,
,,,,,,,,,,,,,,,,
,,,,,,,,,,,,,,,,
,,,,,,,,,,,,,,,,
,,,,,,,,,,,,,,,,
,,,,,,,,,,,,,,,,
,,,,,,,,,,,,,,,,
,,,,,,,,,,,,,,,,
,,,,,,,,,,,,,,,,
,,,,,,,,,,,,,,,,
,,,,,,,,,,,,,,,,
,,,,,,,,,,,,,,,,
,,,,,,,,,,,,,,,,
,,,,,,,,,,,,,,,,
,,,,,,,,,,,,,,,,
,,,,,,,,,,,,,,,,
,,,,,,,,,,,,,,,,
,,,,,,,,,,,,,,,,
,,,,,,,,,,,,,,,,
,,,,,,,,,,,,,,,,
,,,,,,,,,,,,,,,,
,,,,,,,,,,,,,,,,
,,,,,,,,,,,,,,,,
,,,,,,,,,,,,,,,,
,,,,,,,,,,,,,,,,
,,,,,,,,,,,,,,,,
,,,,,,,,,,,,,,,,
,,,,,,,,,,,,,,,,
,,,,,,,,,,,,,,,,
,,,,,,,,,,,,,,,,
,,,,,,,,,,,,,,,,
,,,,,,,,,,,,,,,,
